Time Radon 1,Time interval 1,Delta Q/Delta t 1,Time Radon 2,Time interval 2,Delta Q/Delta t 2,Time Radon 3,Time interval 3,Delta Q/Delta t 3,Time Radon 4,Time interval 4,Delta Q/Delta t 4,Time Radon 5,Time interval 5,Delta Q/Delta t 5,Time Radon 6,Time interval 6,Delta Q/Delta t 6,Time Radon 7,Time interval 7,Delta Q/Delta t 7
28.72,5.57,0.179533213644524,6.99,5.49,0.182149362477231,9.26,8.04,0.124378109452736,12.39,5.54,0.180505415162455,19.11,6.87,0.145560407569141,14.79,5.08,0.196850393700787,23.56,11.32,0.088339222614841
41.98,6.24,0.16025641025641,19.2,6.84,0.146198830409357,25.99,9.64,0.103734439834025,20.75,5.04,-0.702430536445525,33.74,6.49,0.154083204930663,24.19,4.94,0.202429149797571,44.5,13.11,0.07627765064836
52,8.35,0.119760479041916,33.6,7.9,0.126582278481013,46.24,12.33,0.08110300081103,28.52,5.33,0.297569463554475,48.55,11.1,0.0900900900900901,34.27,5.29,0.189035916824197,70.73,19.85,0.0503778337531486
63.69,12.41,0.08058017727639,50.13,9.28,0.107758620689655,72.63,17.84,0.0560538116591928,36.33,6.97,1.29756946355448,70.01,13.19,0.0758150113722517,44.81,6.41,0.15600624024961,112.56,25.05,0.0399201596806387
82.79,17.22,0.0580720092915215,70.62,13.25,0.0754716981132075,110.88,29.86,0.0334896182183523,46.19,7.59,2.29756946355448,98.07,19.41,0.0515198351365276,59.88,8.78,0.113895216400911,180.14,142.79,0.0070032915470271
,,,97.44,20.1,0.0497512437810945,196.04,116.89,0.00855505175806314,56.21,10.86,3.29756946355448,138.31,33.17,0.0301477238468496,74.89,10.02,0.0998003992015968,,,
,,,139.42,38.22,0.0261643118785976,,,,69.82,11.85,4.29756946355448,,,,93.1,12.79,0.0781860828772479,,,
,,,,,,,,,83.44,11.9,5.29756946355448,,,,115.65,17.37,0.0575705238917674,,,
,,,,,,,,,97.33,15.88,6.29756946355448,,,,144.46,26.47,0.0377786173026067,,,
